{"cameraMode":{"drawMode":0,"name":"Shaded","section":"Shading Mode"},"sceneLighting":false,"audioPlay":false,"sceneViewState":{"showFog":true,"showMaterialUpdate":false,"showSkybox":true,"showFlares":true,"showImageEffects":true,"showParticleSystems":true},"in2DMode":false,"pivot":{"x":0.7883579730987549,"y":0.5620319247245789,"z":-5.2158098220825199},"rotation":{"x":0.003102388232946396,"y":0.9968799948692322,"z":-0.052695684134960178,"w":0.05868402123451233},"size":6.496792793273926,"orthographic":false}