{"cameraMode":{"drawMode":0,"name":"Shaded","section":"Shading Mode"},"sceneLighting":false,"audioPlay":false,"sceneViewState":{"showFog":true,"showMaterialUpdate":false,"showSkybox":true,"showFlares":true,"showImageEffects":true,"showParticleSystems":true},"in2DMode":false,"pivot":{"x":329.5560302734375,"y":-250.90272521972657,"z":-278.915771484375},"rotation":{"x":0.007105283439159393,"y":0.9686806797981262,"z":-0.2466345578432083,"w":0.027905911207199098},"size":544.6923828125,"orthographic":false}