{"cameraMode":{"drawMode":0,"name":"Shaded","section":"Shading Mode"},"sceneLighting":false,"audioPlay":false,"sceneViewState":{"showFog":true,"showMaterialUpdate":false,"showSkybox":true,"showFlares":true,"showImageEffects":true,"showParticleSystems":true},"in2DMode":false,"pivot":{"x":-3.115791082382202,"y":2.3788599967956545,"z":-5.000699043273926},"rotation":{"x":-0.0013606264255940915,"y":0.9950382113456726,"z":-0.013743855990469456,"w":-0.09853062033653259},"size":9.297109603881836,"orthographic":false}