{"cameraMode":{"drawMode":0,"name":"Shaded","section":"Shading Mode"},"sceneLighting":false,"audioPlay":false,"sceneViewState":{"showFog":true,"showMaterialUpdate":false,"showSkybox":true,"showFlares":true,"showImageEffects":true,"showParticleSystems":true},"in2DMode":false,"pivot":{"x":251.61984252929688,"y":-16.712770462036134,"z":224.72268676757813},"rotation":{"x":0.13486935198307038,"y":-0.6093713045120239,"z":0.10617271810770035,"w":0.7740828990936279},"size":64.67790222167969,"orthographic":false}